序号,企业名称,国家,省份,城市,经度,纬度,备注
1,山东省安泰化工压力容器检验中心有限公司,中国,山东,济南,117.109175,36.660625,
2,山东通汇数字科技有限公司,中国,山东,济南,,,未找到坐标
3,山东省电子口岸有限公司,中国,山东,济南,117.109297,36.661165,
4,山东黄河勘测设计研究院有限公司,中国,山东,济南,117.000137,36.681836,
5,山东亚丰建设工程有限公司,中国,山东,济南,117.210535,36.735056,
6,山东鸿鹄数商电子科技有限公司,中国,山东,济南,117.031625,36.679825,
7,碳索者（山东）新能源开发有限公司,中国,山东,济南,,,未找到坐标
8,山东阿雅娜医疗科技有限公司,中国,山东,济南,,,未找到坐标
9,世纪祥云（山东）环境科技有限公司,中国,山东,济南,,,未找到坐标
10,山东柯联信息科技有限公司,中国,山东,济南,,,未找到坐标
11,山东微广软件有限公司,中国,山东,济南,,,未找到坐标
12,特教（山东）教育科技集团有限公司,中国,山东,济南,,,未找到坐标
13,济南泉方科技有限公司,中国,山东,济南,,,未找到坐标
14,百纳数字科技有限公司,中国,山东,济南,,,未找到坐标
15,致谷建筑设计（山东）有限公司,中国,山东,济南,,,未找到坐标
16,山东四季汽车服务有限公司,中国,山东,济南,,,未找到坐标
17,易研学教育科技（山东）有限责任公司,中国,山东,济南,,,未找到坐标
18,山东中关创业信息科技股份有限公司,中国,山东,济南,117.223976,36.669788,
19,济南德易洗熨有限责任公司,中国,山东,济南,117.511275,36.691025,
20,山东高速新能源开发有限公司,中国,山东,济南,117.114425,36.661325,
21,山东嘉行博悦传媒科技有限公司,中国,山东,济南,,,未找到坐标
22,济南城市静态交通管理运营集团有限公司,中国,山东,济南,,,未找到坐标
23,山东优展文化传媒有限公司,中国,山东,济南,116.878330,36.737079,
24,山东齐水建设工程有限公司,中国,山东,济南,117.210535,36.735056,
25,济南光启科技发展集团有限公司,中国,山东,济南,,,未找到坐标
26,山东米通智能科技有限公司,中国,山东,济南,,,未找到坐标
27,济南三五一五信息科技有限责任公司,中国,山东,济南,,,未找到坐标
28,山东新中天信息技术股份有限公司,中国,山东,济南,,,未找到坐标
29,山东卓智盈讯科技信息有限公司,中国,山东,济南,,,未找到坐标
30,济南琥鑫商贸有限公司,中国,山东,济南,,,未找到坐标
31,山东恒信顺达数字科技有限公司,中国,山东,济南,,,未找到坐标
32,山东婧馨生物科技有限公司,中国,山东,济南,,,未找到坐标
33,山东舜顺达新材料科技有限公司,中国,山东,济南,,,未找到坐标
34,山东鲁维素饲料有限公司,中国,山东,济南,116.953519,36.604604,
35,济南西门子能源变压器有限公司,中国,山东,济南,116.922441,36.622649,
36,济南建工集团建材科技有限公司,中国,山东,济南,,,未找到坐标
37,方块云（山东）信息技术有限公司,中国,山东,济南,,,未找到坐标
38,济南利君机械设备有限公司,中国,山东,济南,,,未找到坐标
39,盛润（山东）工业科技有限公司,中国,山东,济南,,,未找到坐标
40,济南盈讯科技有限公司,中国,山东,济南,117.135435,36.675736,
41,格林纬度智能科技（山东）有限公司,中国,山东,济南,,,未找到坐标
42,山东鑫士达新能源科技有限公司,中国,山东,济南,,,未找到坐标
43,济南超控电气设备有限公司,中国,山东,济南,,,未找到坐标
44,济南伯宇珅航信息科技集团有限公司,中国,山东,济南,,,未找到坐标
45,山东瓦尔特信息科技有限公司,中国,山东,济南,,,未找到坐标
46,山东省竞体体育发展集团有限公司,中国,山东,济南,,,未找到坐标
47,清智优化（济南）信息科技有限责任公司,中国,山东,济南,,,未找到坐标
48,山东鼎立激光设备有限公司,中国,山东,济南,,,未找到坐标
49,济南圣都食品有限公司,中国,山东,济南,116.900514,36.525929,
50,济南智慧城系统集成有限公司,中国,山东,济南,,,未找到坐标
51,山东和信新能源科技有限公司,中国,山东,济南,,,未找到坐标
52,山东中州新型建材有限公司,中国,山东,济南,,,未找到坐标
53,山东京鲁智能设备有限公司,中国,山东,济南,116.815684,36.609261,
54,山东综纬新材料科技有限公司,中国,山东,济南,,,未找到坐标
55,济南鲁味斋食品有限责任公司,中国,山东,济南,,,未找到坐标
56,山东乐宁医疗科技有限公司,中国,山东,济南,,,未找到坐标
57,济南伊特网络信息有限公司,中国,山东,济南,,,未找到坐标
58,济南强富机械设备有限公司,中国,山东,济南,,,未找到坐标
59,山东金象技术开发有限公司,中国,山东,济南,,,未找到坐标
60,山东良乔环保科技集团有限公司,中国,山东,济南,116.973125,36.787075,
61,山东利丰行工程机械有限公司,中国,山东,济南,116.971567,36.650113,
62,济南鸿博建筑装饰有限公司,中国,山东,济南,117.120128,36.652069,
63,山东科视文化产业有限公司,中国,山东,济南,116.898548,36.670568,
64,山东凡知智造医药科技有限公司,中国,山东,济南,,,未找到坐标
65,山东悠远铁路工程设计有限公司,中国,山东,济南,,,未找到坐标
66,济南思克测试技术有限公司,中国,山东,济南,,,未找到坐标
67,山东华视风行集团有限公司,中国,山东,济南,116.909114,36.670102,
68,山东禾力升医学检验实验室有限公司,中国,山东,济南,,,未找到坐标
69,山东吉星环保科技有限公司,中国,山东,济南,,,未找到坐标
70,济南鸿鹏通风设备有限公司,中国,山东,济南,116.901193,36.792266,
71,山东创康生物科技有限公司,中国,山东,济南,,,未找到坐标
72,尤尼沃流体控制设备（山东）有限公司,中国,山东,济南,,,未找到坐标
73,济南北方泰和新材料有限公司,中国,山东,济南,117.013414,36.707275,
74,山东国镓晶谷半导体科技有限公司,中国,山东,济南,,,未找到坐标
75,济南昊博制冷设备有限公司,中国,山东,济南,117.120128,36.652069,
76,山东沁垣环保科技有限公司,中国,山东,济南,,,未找到坐标
77,中科卫星（山东）科技集团有限公司,中国,山东,济南,,,未找到坐标
78,山东奥凯机电设备有限公司,中国,山东,济南,,,未找到坐标
79,山东汇友市政园林集团有限公司,中国,山东,济南,116.990204,36.688548,
80,山东长才机械制造有限公司,中国,山东,济南,,,未找到坐标
81,山东联升安全设施有限公司,中国,山东,济南,,,未找到坐标
82,济南银河路桥试验检测有限公司,中国,山东,济南,116.956570,36.697247,
83,山东德渡生物技术有限公司,中国,山东,济南,116.945069,36.713165,
84,山东九旭机械科技有限公司,中国,山东,济南,116.918605,36.796991,
85,济南汇金电器有限公司,中国,山东,济南,117.120128,36.652069,
86,山东润安生物科技有限公司,中国,山东,济南,,,未找到坐标
87,济南凯能电器有限公司,中国,山东,济南,116.919609,36.801598,
88,山东硕淳科技有限公司,中国,山东,济南,,,未找到坐标
89,山东嘉拓电子技术有限公司,中国,山东,济南,117.031625,36.679825,
90,山东奥克斯畜牧种业有限公司,中国,山东,济南,117.093361,36.716674,
91,济南金圣冷藏设备有限公司,中国,山东,济南,117.120128,36.652069,
92,山东冠鑫信息工程有限公司,中国,山东,济南,,,未找到坐标
93,道和陆港（山东）产业发展有限公司,中国,山东,济南,,,未找到坐标
94,盛世华通（山东）智慧能源科技有限公司,中国,山东,济南,,,未找到坐标
95,济南辰禾机器有限公司,中国,山东,济南,117.295847,36.735931,
96,山东冉通新能源科技有限公司,中国,山东,济南,,,未找到坐标
97,山东希诺世行生物科技有限公司,中国,山东,济南,,,未找到坐标
98,山东兴牛乳业有限公司,中国,山东,济南,117.083782,36.703353,
99,山东光之聚激光科技有限公司,中国,山东,济南,117.303830,36.737507,
100,济南云祥电子科技有限公司,中国,山东,济南,117.031625,36.679825,
101,山东大盾科创集团有限公司,中国,山东,济南,,,未找到坐标
102,山东宏桥建设集团有限公司,中国,山东,济南,117.222112,36.653540,
103,中保鉴（山东）智慧科技有限公司,中国,山东,济南,,,未找到坐标
104,山东力拓智能科技有限公司,中国,山东,济南,117.085010,36.682667,
105,山东小悟空数字科技有限公司,中国,山东,济南,,,未找到坐标
106,山东济钢众电智能科技有限公司,中国,山东,济南,117.208643,36.751319,
107,山东显微智能科技有限公司,中国,山东,济南,117.247926,36.660408,
108,济南华钜实业有限公司,中国,山东,济南,117.120128,36.652069,
109,济南城市照明工程有限公司,中国,山东,济南,116.951885,36.685119,
110,山东大齐通信电子有限公司,中国,山东,济南,117.031625,36.679825,
111,济南高和保洁服务有限公司,中国,山东,济南,117.120128,36.652069,
112,济南悦创液压机械制造有限公司,中国,山东,济南,117.282212,36.742214,
113,山东中晶芯源半导体科技有限公司,中国,山东,济南,117.276177,36.648531,
114,山东泺特网络科技有限公司,中国,山东,济南,,,未找到坐标
115,济南聚格实业有限公司,中国,山东,济南,117.085275,36.702870,
116,名川开物（山东）智能装备有限公司,中国,山东,济南,,,未找到坐标
117,山东中测检测科技有限公司,中国,山东,济南,117.087377,36.685108,
118,山东晶特数字能源科技有限公司,中国,山东,济南,116.968898,36.687055,
119,济南华昊精密机械制造有限公司,中国,山东,济南,,,未找到坐标
120,山东维普信息科技发展有限公司,中国,山东,济南,,,未找到坐标
121,济南延世数控设备有限公司,中国,山东,济南,117.192644,36.763319,
122,济南铭泰展鸿自动化设备有限公司,中国,山东,济南,,,未找到坐标
123,山东金源杰生态农业科技发展有限公司,中国,山东,济南,,,未找到坐标
124,济南融华新材料技术有限公司,中国,山东,济南,,,未找到坐标
125,达夫（济南）工业科技有限公司,中国,山东,济南,,,未找到坐标
126,济南清瀛工程咨询服务有限公司,中国,山东,济南,,,未找到坐标
127,山东启迪济能环保科技有限公司,中国,山东,济南,116.808166,36.338863,
128,济南腾笙环保科技有限公司,中国,山东,济南,116.805045,36.333871,
129,济南鼎润纸制品有限公司,中国,山东,济南,116.780589,36.578971,
130,济南天翔锅炉有限公司,中国,山东,济南,117.120128,36.652069,
131,山东大鲁新型环保墙材科技有限公司,中国,山东,济南,116.822317,36.602426,
132,济南中路昌试验机制造有限公司,中国,山东,济南,116.707947,36.488423,
133,山东未来数据科技有限公司,中国,山东,济南,,,未找到坐标
134,济南益洲激光科技有限公司,中国,山东,济南,,,未找到坐标
135,山东仕达环保科技有限公司,中国,山东,济南,,,未找到坐标
136,山东信邦工业设备有限公司,中国,山东,济南,,,未找到坐标
137,山东涵轲尔建设机械有限公司,中国,山东,济南,116.692073,36.430184,
138,山东子峰生物技术有限公司,中国,山东,济南,116.804439,36.516855,
139,济南华川数控机械有限公司,中国,山东,济南,117.120128,36.652069,
140,山东容万电气设备有限公司,中国,山东,济南,116.718597,36.376121,
141,济南千木奇农业生态园有限公司,中国,山东,济南,116.692793,36.444256,
142,山东津达特种线缆集团有限公司,中国,山东,济南,116.757663,36.581541,
143,山东微谱检测技术有限公司,中国,山东,济南,116.802405,36.516363,
144,山东金太阳制药机械有限公司,中国,山东,济南,,,未找到坐标
145,山东明莱特锻造有限公司,中国,山东,济南,,,未找到坐标
146,济南恒储机械制造有限公司,中国,山东,济南,117.184162,37.017461,
147,山东三生万物生物科技有限公司,中国,山东,济南,117.489078,36.603436,
148,山东万运汽车配件有限公司,中国,山东,济南,117.565190,36.773335,
149,济南元通岳机械有限公司,中国,山东,济南,,,未找到坐标
150,济南苏田建材科技有限公司,中国,山东,济南,117.595139,36.711770,
151,济南厚德耐磨材料有限公司,中国,山东,济南,117.589349,36.681280,
152,章丘市铜铝铸造厂,中国,山东,济南,117.445188,36.853889,
153,山东金恒达智能设备有限公司,中国,山东,济南,,,未找到坐标
154,章丘华明水泥新型建材有限公司,中国,山东,济南,117.609155,36.672458,
155,劲田作物营养（山东）有限公司,中国,山东,济南,,,未找到坐标
156,山东彩星印务有限公司,中国,山东,济南,,,未找到坐标
157,济南泽通机电有限公司,中国,山东,济南,117.437157,36.634214,
158,山东朝鲁建筑科技有限公司,中国,山东,济南,,,未找到坐标
159,有维光电（山东）有限公司,中国,山东,济南,,,未找到坐标
160,山东引持环保设备有限公司,中国,山东,济南,,,未找到坐标
161,山东欣盛自动化设备有限公司,中国,山东,济南,,,未找到坐标
162,山东三盛能源装备科技有限责任公司,中国,山东,济南,116.968898,36.687055,
163,中科鸿业建材（山东）有限公司,中国,山东,济南,,,未找到坐标
164,山东金钻石金属材料有限公司,中国,山东,济南,117.568775,36.741575,
165,济南旺诚环保科技有限公司,中国,山东,济南,117.412412,36.741447,
166,济南和新能源科技有限公司,中国,山东,济南,,,未找到坐标
167,山东威源机械股份有限公司,中国,山东,济南,,,未找到坐标
168,济南泽楷机械制造股份有限公司,中国,山东,济南,,,未找到坐标
169,济南矗鑫锻造机械有限公司,中国,山东,济南,,,未找到坐标
170,山东金呈阳建设工程有限公司,中国,山东,济南,117.210535,36.735056,
171,山东旺登生物科技有限公司,中国,山东,济南,,,未找到坐标
172,山东济钢鲁纳新材料科技有限公司,中国,山东,济南,,,未找到坐标
173,山东信合成航空科技有限公司,中国,山东,济南,117.593290,36.681688,
174,山东圣泉电子材料有限公司,中国,山东,济南,117.031625,36.679825,
175,美敦宜（山东）医疗器械有限公司,中国,山东,济南,,,未找到坐标
176,济南元首针织股份有限公司,中国,山东,济南,117.165841,36.976186,
177,济南优谷生物技术有限公司,中国,山东,济南,,,未找到坐标
178,铭牌精工机械（山东）有限公司,中国,山东,济南,117.275144,37.097491,
179,济南易丰农业科技有限公司,中国,山东,济南,,,未找到坐标
180,济南天峰液压机械有限公司,中国,山东,济南,117.215564,37.009684,
181,山东欧亚德新材料科技有限公司,中国,山东,济南,,,未找到坐标
182,山东九肽生物科技集团有限公司,中国,山东,济南,117.288844,37.120750,
183,阿斯泰克（山东）环保纤维有限公司,中国,山东,济南,,,未找到坐标
184,山东青云装备科技有限公司,中国,山东,济南,,,未找到坐标
185,山东维磁新材料有限公司,中国,山东,济南,,,未找到坐标
186,山东三立重工集团有限公司,中国,山东,济南,117.209818,36.743562,
187,济南广兴建设集团有限公司,中国,山东,济南,117.222112,36.653540,
188,济南虫洞智能家居设施有限公司,中国,山东,济南,117.142185,36.933134,
189,山东亿晨新材料有限公司,中国,山东,济南,,,未找到坐标
190,济南万安通信技术有限公司,中国,山东,济南,,,未找到坐标
191,济南铭品机电设备有限公司,中国,山东,济南,117.120128,36.652069,
192,山东盈鑫土工材料有限公司,中国,山东,济南,117.735013,36.176779,
193,济南市莱芜金牛矿业开发公司,中国,山东,济南,117.574696,36.202318,
194,山东莱芜煤机智能科技有限公司,中国,山东,济南,117.675828,36.214895,
195,山东禾宝药业有限公司,中国,山东,济南,117.609906,36.288998,
196,山东物华新材料科技有限公司,中国,山东,济南,,,未找到坐标
197,山东华涛药业有限公司,中国,山东,济南,117.731754,36.162196,
198,山东顺泰电气有限公司,中国,山东,济南,117.724561,36.218125,
199,山东祥川环保科技有限公司,中国,山东,济南,117.739208,36.169908,
200,济南市时代酒具制造股份有限公司,中国,山东,济南,,,未找到坐标
201,山东德瑞祥制冷科技有限公司,中国,山东,济南,116.955612,36.704945,
202,山东恒越汽车内饰件有限公司,中国,山东,济南,117.728684,36.180355,
203,山东新青云科技有限公司,中国,山东,济南,,,未找到坐标
204,山东深蓝信息科技有限公司,中国,山东,济南,,,未找到坐标
205,山东红太阳地毯有限公司,中国,山东,济南,,,未找到坐标
206,山东兴隆机械有限公司,中国,山东,济南,117.564140,36.306833,
207,山东科泰电力科技有限公司,中国,山东,济南,117.613360,36.304587,
208,济南市润泽纤维有限公司,中国,山东,济南,117.128559,37.271251,
209,山东昊坤果业有限公司,中国,山东,济南,,,未找到坐标
210,山东齐贤新材料科技有限公司,中国,山东,济南,,,未找到坐标
211,济南钢城元达管业有限公司,中国,山东,济南,117.811604,36.059393,
212,山东奇力浦电气科技有限公司,中国,山东,济南,,,未找到坐标
213,济南市佳新纤维有限公司,中国,山东,济南,117.790769,36.122977,
214,山东邦巨实业有限公司,中国,山东,济南,117.816149,36.021964,
215,莱芜市瑞程公路材料有限公司,中国,山东,济南,,,未找到坐标
216,山东立志高速公路材料有限公司,中国,山东,济南,117.817186,36.086353,
217,济南蓝妃玫瑰生物科技有限公司,中国,山东,济南,116.443652,36.272905,
218,济南科海有限公司,中国,山东,济南,116.439377,36.261280,
219,济南天鸿铝业有限公司,中国,山东,济南,116.459160,36.166502,
220,山东芳蕾玫瑰科技开发有限公司,中国,山东,济南,116.427533,36.257681,
221,济南弘群机械配件有限公司,中国,山东,济南,116.424752,36.254587,
222,济南圣铨智能制造有限公司,中国,山东,济南,,,未找到坐标
223,济南鸿德橡塑有限公司,中国,山东,济南,116.420369,36.256068,
224,山东阿水信息科技有限公司,中国,山东,济南,,,未找到坐标
225,山东弘睿通新材料科技有限公司,中国,山东,济南,,,未找到坐标
226,山东华哲环保科技有限公司,中国,山东,济南,,,未找到坐标
227,济南山水水泥有限公司,中国,山东,济南,117.171335,37.190052,
228,华沃德源环境技术（济南）有限公司,中国,山东,济南,117.134320,37.155131,
229,山东大航激光智能装备有限公司,中国,山东,济南,,,未找到坐标
230,济南华云精密机械有限公司,中国,山东,济南,117.119105,37.168698,
231,山东科润赢新材料科技有限公司,中国,山东,济南,,,未找到坐标
232,时代低空（山东）产业发展有限公司,中国,山东,济南,,,未找到坐标
233,山东云雕机械设备有限公司,中国,山东,济南,,,未找到坐标
234,山东中能环境科技有限责任公司,中国,山东,济南,,,未找到坐标
235,济南云盛科技有限公司,中国,山东,济南,117.119652,37.169508,
236,山东鲁软数字科技有限公司,中国,山东,济南,116.995807,36.667943,
237,山东省环保发展集团环境医院有限公司,中国,山东,济南,117.233760,36.695324,
238,山东佳亿信息科技有限责任公司,中国,山东,济南,,,未找到坐标
239,山东奥苏本医疗设备有限公司,中国,山东,济南,,,未找到坐标
240,山东岱盛信息工程技术有限公司,中国,山东,济南,,,未找到坐标
241,山东华特智慧技术有限公司,中国,山东,济南,117.133782,36.681210,
242,山东华辰液压科技有限公司,中国,山东,济南,,,未找到坐标
243,济南威德检测工程有限公司,中国,山东,济南,,,未找到坐标
244,山东金威刻激光科技有限公司,中国,山东,济南,117.128648,36.675632,
245,山东在线信息科技有限责任公司,中国,山东,济南,,,未找到坐标
246,山东金誉伟业智能科技有限公司,中国,山东,济南,,,未找到坐标
247,山东赛思特流体控制系统有限公司,中国,山东,济南,117.246671,36.887718,
248,山东泉柏园林绿化工程有限公司,中国,山东,济南,,,未找到坐标
249,济南捷盛建材新技术有限公司,中国,山东,济南,,,未找到坐标
250,山东捷关信息技术有限公司,中国,山东,济南,,,未找到坐标
251,山东政通地理信息有限公司,中国,山东,济南,,,未找到坐标
252,济南鸿瑞奇软件科技有限公司,中国,山东,济南,,,未找到坐标
253,济南大智电力科技有限公司,中国,山东,济南,,,未找到坐标
254,济南新天宇汽车电器有限公司,中国,山东,济南,117.270342,36.688825,
255,山东星图信息科技有限公司,中国,山东,济南,,,未找到坐标
256,算网智核（山东）数字技术有限公司,中国,山东,济南,,,未找到坐标
257,致未来（山东）信息科技服务有限公司,中国,山东,济南,,,未找到坐标
258,山东立泰生物科技有限公司,中国,山东,济南,117.213102,36.667581,
259,永基众合（山东）科创集团有限公司,中国,山东,济南,,,未找到坐标
260,山东宸翰软件技术有限公司,中国,山东,济南,,,未找到坐标
261,山东蓝绿青环保科技有限公司,中国,山东,济南,117.148015,36.664116,
262,果然基因科技（山东）股份有限公司,中国,山东,济南,,,未找到坐标
263,山东融邦智能科技有限公司,中国,山东,济南,,,未找到坐标
264,山东巴罗克生物科技股份有限公司,中国,山东,济南,117.134943,36.679429,
265,济南西联电气有限公司,中国,山东,济南,117.120128,36.652069,
266,山东鸿信网络科技有限公司,中国,山东,济南,,,未找到坐标
267,济南聚鑫供应链管理有限公司,中国,山东,济南,117.120128,36.652069,
268,济南杰铭电子有限公司,中国,山东,济南,117.031625,36.679825,
269,森川数字科技（山东）有限公司,中国,山东,济南,117.133613,36.677186,
270,山东达网信息科技有限公司,中国,山东,济南,,,未找到坐标
271,中建八局（山东）设计咨询有限公司,中国,山东,济南,117.123830,36.678990,
272,山东星沃智能科技有限公司,中国,山东,济南,,,未找到坐标
273,山东中程试验检测有限公司,中国,山东,济南,,,未找到坐标
274,山东西泰克仪器有限公司,中国,山东,济南,117.134621,36.683319,
275,济南明瑞宏利电力有限公司,中国,山东,济南,,,未找到坐标
276,山东佰泰丰信息科技有限公司,中国,山东,济南,,,未找到坐标
277,济南卫星产业发展集团有限公司,中国,山东,济南,,,未找到坐标
278,山东擎飞信息科技有限公司,中国,山东,济南,,,未找到坐标
279,山东雅恩智护科技有限公司,中国,山东,济南,,,未找到坐标
280,济南奇牛信息科技有限公司,中国,山东,济南,,,未找到坐标
281,山东幻途消防科技服务有限公司,中国,山东,济南,117.222545,36.669412,
282,汉宸国际工程设计集团有限公司,中国,山东,济南,117.144263,36.662775,
283,山东青牛数据科技有限公司,中国,山东,济南,,,未找到坐标
284,济南广音医疗科技有限公司,中国,山东,济南,117.134884,36.679332,
285,济南卓尔电力科技有限公司,中国,山东,济南,,,未找到坐标
286,山东赛瑞智能科技有限公司,中国,山东,济南,,,未找到坐标
287,山东高晟机器人有限公司,中国,山东,济南,,,未找到坐标
288,山东达沃智能科技有限公司,中国,山东,济南,,,未找到坐标
289,山东泉涌环境科技有限公司,中国,山东,济南,,,未找到坐标
290,济南蓝信智能科技有限公司,中国,山东,济南,,,未找到坐标
291,山东艾因智能科技有限公司,中国,山东,济南,,,未找到坐标
292,中建五局（山东）投资建设有限公司,中国,山东,济南,,,未找到坐标
293,山东向明数智物联科技有限公司,中国,山东,济南,,,未找到坐标
294,山东本善工程技术有限公司,中国,山东,济南,,,未找到坐标
295,山东冰林环境技术有限公司,中国,山东,济南,,,未找到坐标
296,华通智造（山东）智能科技集团有限公司,中国,山东,济南,,,未找到坐标
297,山东坤铭网络科技有限公司,中国,山东,济南,,,未找到坐标
298,青盈云计算有限公司,中国,山东,济南,,,未找到坐标
299,山东卓越智联信息科技有限公司,中国,山东,济南,,,未找到坐标
300,山东易网管软件有限公司,中国,山东,济南,,,未找到坐标
301,山东省科技咨询中心有限公司,中国,山东,济南,,,未找到坐标
302,山东康格能源科技有限公司,中国,山东,济南,116.968898,36.687055,
303,山东科岳科技有限公司,中国,山东,济南,,,未找到坐标
304,山东华幕建筑信息技术有限公司,中国,山东,济南,117.138325,36.677425,
305,济南网智大数据科技有限公司,中国,山东,济南,,,未找到坐标
306,山东法因数控机械设备有限公司,中国,山东,济南,,,未找到坐标
307,山东电工电气集团高新液储科技有限公司,中国,山东,济南,,,未找到坐标
308,山东恩必思信息技术有限公司,中国,山东,济南,,,未找到坐标
309,山东图灵锶科技有限公司,中国,山东,济南,,,未找到坐标
310,山东睿创未来技术有限公司,中国,山东,济南,,,未找到坐标
311,水发检测科技有限公司,中国,山东,济南,,,未找到坐标
312,山东迪博电子科技有限公司,中国,山东,济南,117.031625,36.679825,
313,济南大森制冷工程有限公司,中国,山东,济南,117.120128,36.652069,
314,济南华云科雷防雷科技有限责任公司,中国,山东,济南,,,未找到坐标
315,山东图灵锶软件有限公司,中国,山东,济南,,,未找到坐标
316,山东艾克韦医学检验所有限公司,中国,山东,济南,117.222725,36.669625,
317,济南有人物联网技术有限公司,中国,山东,济南,117.341785,36.692246,
318,山东普源电力工程有限公司,中国,山东,济南,,,未找到坐标
319,山东融为信息科技有限公司,中国,山东,济南,,,未找到坐标
320,山东中科思尔科技有限公司,中国,山东,济南,,,未找到坐标
321,山东舜丰生物科技有限公司,中国,山东,济南,116.779453,36.504037,
322,山东正元航空遥感技术有限公司,中国,山东,济南,117.136897,36.674807,
323,龙山云仓（山东）共享科技有限公司,中国,山东,济南,,,未找到坐标
324,山东网驰信息技术有限公司,中国,山东,济南,,,未找到坐标
325,济南达信生物科技有限公司,中国,山东,济南,,,未找到坐标
326,济南酷云无人机科技有限公司,中国,山东,济南,,,未找到坐标
327,一本教育科技（山东）有限公司,中国,山东,济南,,,未找到坐标
328,山东诺码信信息科技有限公司,中国,山东,济南,,,未找到坐标
329,山东中天泰信息技术有限公司,中国,山东,济南,,,未找到坐标
330,山东盛芯电子科技有限公司,中国,山东,济南,117.031625,36.679825,
331,山东乾立光电科技有限公司,中国,山东,济南,,,未找到坐标
332,山东安畅检测技术有限公司,中国,山东,济南,117.141496,36.663952,
333,济南迪讯信息技术有限公司,中国,山东,济南,,,未找到坐标
334,山东星科数字科技有限公司,中国,山东,济南,,,未找到坐标
335,山东映湃健康科技有限公司,中国,山东,济南,,,未找到坐标
336,山东省泉港生物技术有限公司,中国,山东,济南,,,未找到坐标
337,山东大国治礼教育科技集团有限公司,中国,山东,济南,,,未找到坐标
338,山东宏宜科技服务有限公司,中国,山东,济南,,,未找到坐标
339,浪潮企业云科技（山东）有限公司,中国,山东,济南,,,未找到坐标
340,济南倍生康医药化学有限公司,中国,山东,济南,,,未找到坐标
341,山东中瑞源生物科技有限公司,中国,山东,济南,,,未找到坐标
342,山东中安建设管理有限公司,中国,山东,济南,,,未找到坐标
343,智慧泉城智能科技有限公司,中国,山东,济南,,,未找到坐标
344,山东阿尔法国际医学诊断有限公司,中国,山东,济南,,,未找到坐标
345,济南瑞特安防设备有限公司,中国,山东,济南,,,未找到坐标
346,济南来搜医疗科技有限公司,中国,山东,济南,,,未找到坐标
347,孝安建设有限公司,中国,山东,济南,,,未找到坐标
348,山东乾元康养发展有限公司,中国,山东,济南,,,未找到坐标
349,济南海颐软件有限公司,中国,山东,济南,117.120128,36.652069,
350,济南汉腾激光技术有限公司,中国,山东,济南,117.301000,36.726855,
351,世纪开元智印互联科技集团股份有限公司,中国,山东,济南,117.283822,36.724720,
352,山东柔克智能科技有限公司,中国,山东,济南,,,未找到坐标
353,山东新高质信息技术有限公司,中国,山东,济南,,,未找到坐标
354,山东凯尔曼机器人有限公司,中国,山东,济南,,,未找到坐标
355,山东鲁鼎电气技术有限公司,中国,山东,济南,117.150601,36.689942,
356,山东赛宝信息技术咨询有限公司,中国,山东,济南,,,未找到坐标
357,山东标度信息科技有限公司,中国,山东,济南,,,未找到坐标
358,山东泽鹿安全技术有限公司,中国,山东,济南,117.129009,36.673819,
359,山东舜知信息科技有限公司,中国,山东,济南,,,未找到坐标
360,济南趵突泉酿酒有限责任公司,中国,山东,济南,117.025462,36.497333,
361,济南点维智能装备有限公司,中国,山东,济南,,,未找到坐标
362,山东城安智能科技有限公司,中国,山东,济南,,,未找到坐标
363,济南大鹏机械设备有限公司,中国,山东,济南,,,请求失败: The operation was aborted due to timeout
364,中建八局（山东）新型材料科技有限公司,中国,山东,济南,,,请求失败: The operation was aborted due to timeout
365,山东能源集团科技发展有限公司,中国,山东,济南,,,请求失败: The operation was aborted due to timeout
366,山东永幸环保科技股份有限公司,中国,山东,济南,,,未找到坐标
367,博利源科技（山东）有限公司,中国,山东,济南,,,未找到坐标
368,山东鹤罡能源科技发展有限公司,中国,山东,济南,,,请求失败: The operation was aborted due to timeout
369,山东省公路设计咨询有限公司,中国,山东,济南,,,请求失败: The operation was aborted due to timeout
370,山东齐鲁壹点传媒有限公司,中国,山东,济南,,,未找到坐标
371,山东省鲁商建筑设计有限公司,中国,山东,济南,,,未找到坐标
372,山东运筹软件有限公司,中国,山东,济南,,,未找到坐标
373,山东顺国电子科技有限公司,中国,山东,济南,117.147205,36.677188,
374,山东轨道交通研究院有限公司,中国,山东,济南,116.752414,36.548048,
375,山东矩阵软件工程股份有限公司,中国,山东,济南,,,未找到坐标
376,山东澜橙数字科技有限公司,中国,山东,济南,,,未找到坐标
377,山东万天信息科技有限公司,中国,山东,济南,,,未找到坐标
378,山东大众云学教育科技有限公司,中国,山东,济南,,,未找到坐标
379,山东省人民防空建筑设计院有限责任公司,中国,山东,济南,117.076814,36.657302,
380,山东中创软件商用中间件股份有限公司,中国,山东,济南,117.044530,36.642583,
381,山东华中微电信息技术有限公司,中国,山东,济南,,,未找到坐标
382,山东高速交建集团济南养护科技有限公司,中国,山东,济南,117.120128,36.652069,
383,山东卓联环保科技有限公司,中国,山东,济南,,,未找到坐标
384,鲁担（山东）数据科技有限公司,中国,山东,济南,117.105004,36.669081,
385,山东超星智能科技有限公司,中国,山东,济南,,,未找到坐标
386,山东华埠特克智能机电工程有限公司,中国,山东,济南,,,未找到坐标
387,山东泉景胜跃信息技术有限公司,中国,山东,济南,,,未找到坐标
388,山东星冉信息科技有限公司,中国,山东,济南,117.272995,36.653278,
389,山东大千管理咨询有限公司,中国,山东,济南,117.053935,36.655551,
390,山东建固特种专业工程有限公司,中国,山东,济南,,,未找到坐标
391,山东正中信息技术股份有限公司,中国,山东,济南,117.147069,36.663789,
392,山东方正恒通智能科技有限公司,中国,山东,济南,,,未找到坐标
393,济南舜信达电力科技有限公司,中国,山东,济南,117.135016,36.666694,
394,山东绿创环境科技有限公司,中国,山东,济南,117.099697,36.674101,
395,理文科技（山东）股份有限公司,中国,山东,济南,,,未找到坐标
396,法正智能科技有限公司,中国,山东,济南,,,未找到坐标
397,山东铭智达自动化科技有限公司,中国,山东,济南,,,未找到坐标
398,山东维克特信息技术有限公司,中国,山东,济南,,,未找到坐标
399,卓华光电科技集团有限公司,中国,山东,济南,,,未找到坐标
400,山东建筑大学工程鉴定加固研究院有限公司,中国,山东,济南,,,未找到坐标
401,山东创德智能科技有限公司,中国,山东,济南,,,未找到坐标
402,山东德能物联科技有限公司,中国,山东,济南,,,未找到坐标
403,匠为文化科技集团有限公司,中国,山东,济南,116.984710,36.613400,
404,济南若泰数控科技有限公司,中国,山东,济南,,,未找到坐标
405,山东鹰格信息工程有限公司,中国,山东,济南,116.985158,36.630902,
406,山东盛德智能科技股份有限公司,中国,山东,济南,,,未找到坐标
407,济南强力制辊设备有限公司,中国,山东,济南,,,未找到坐标
408,济南海州专用车有限公司,中国,山东,济南,116.901835,36.592814,
409,山东智和创信息技术有限公司,中国,山东,济南,,,未找到坐标
410,山东怡鲁科技有限公司,中国,山东,济南,117.007575,36.658825,
411,济南晶程电器有限公司,中国,山东,济南,116.976800,36.612852,
412,山东恒辉软件有限公司,中国,山东,济南,,,未找到坐标
413,济南晨生医疗科技有限公司,中国,山东,济南,116.920812,36.633456,
414,观云（山东）智能科技有限公司,中国,山东,济南,117.225175,36.668675,
415,信启奇慧（山东）数字技术有限公司,中国,山东,济南,,,未找到坐标
416,济南瑞源智能城市开发有限公司,中国,山东,济南,,,未找到坐标
417,济南中创工业测试系统有限公司,中国,山东,济南,116.932029,36.704752,
418,山东金斗网络科技有限公司,中国,山东,济南,,,未找到坐标
419,济南精益达农牧机械有限公司,中国,山东,济南,,,未找到坐标
420,山东瑞诺液压机械有限公司,中国,山东,济南,116.912011,36.719130,
421,山东唯尚科技发展有限公司,中国,山东,济南,,,未找到坐标
422,山东新时代数控科技有限公司,中国,山东,济南,116.872170,36.687357,
423,印美（山东）文化科技有限公司,中国,山东,济南,,,未找到坐标
424,山东驰戈电气设备有限公司,中国,山东,济南,116.896660,36.666138,
425,山东开创云计算有限公司,中国,山东,济南,,,未找到坐标
426,山东山建机械有限公司,中国,山东,济南,,,未找到坐标
427,济南绿宝纸制品有限公司,中国,山东,济南,117.120128,36.652069,
428,山东交院机械装备科技有限公司,中国,山东,济南,,,未找到坐标
429,济南同誉新材料科技有限公司,中国,山东,济南,,,未找到坐标
430,中科卫星(山东)信息技术有限公司,中国,山东,济南,,,未找到坐标
431,济南际通智能制造有限公司,中国,山东,济南,116.891941,36.795701,
432,山东德源电力科技股份有限公司,中国,山东,济南,116.924528,36.796900,
433,济南东方雨虹建筑材料有限公司,中国,山东,济南,116.899675,36.809429,
434,济南铂晶电子科技股份有限公司,中国,山东,济南,117.031625,36.679825,
435,山东瑞龙环保科技有限公司,中国,山东,济南,116.989076,36.659156,
436,山东梅格彤天电气有限公司,中国,山东,济南,116.922497,36.807050,
437,济南佳进新材料有限公司,中国,山东,济南,116.887079,36.802658,
438,山东建研科技发展有限公司,中国,山东,济南,,,未找到坐标
439,山东品象文化产业有限公司,中国,山东,济南,,,未找到坐标
440,同方德诚（山东）科技股份公司,中国,山东,济南,,,未找到坐标
441,麒麟（山东）医药科技有限公司,中国,山东,济南,,,未找到坐标
442,济南轨道交通新材料有限公司,中国,山东,济南,117.054287,36.720631,
443,济南六度网络技术有限公司,中国,山东,济南,,,未找到坐标
444,济南济钢数创科技有限公司,中国,山东,济南,117.178381,36.721376,
445,山东省淮海建设管理集团有限公司,中国,山东,济南,117.107326,36.701843,
446,济南中意维尔科技有限公司,中国,山东,济南,,,未找到坐标
447,山东省环保发展集团科技有限公司,中国,山东,济南,117.124275,36.651475,
448,济南超级计算中心有限公司,中国,山东,济南,117.048344,36.643779,
449,济南闰凯医疗器械有限公司,中国,山东,济南,,,未找到坐标
450,山东省环科院环境检测有限公司,中国,山东,济南,,,未找到坐标
451,山东怀思人工智能科技有限公司,中国,山东,济南,,,未找到坐标
452,山东旗帜信息有限公司,中国,山东,济南,117.265893,36.658771,
453,山东志盈医学科技有限公司,中国,山东,济南,117.225422,36.677838,
454,济南作为科技有限公司,中国,山东,济南,117.120128,36.652069,
455,水发养护工程(山东)集团有限公司,中国,山东,济南,,,未找到坐标
456,山东锦尚田生物科技有限公司,中国,山东,济南,117.291278,36.844596,
457,济南林青铸造技术有限公司,中国,山东,济南,117.221214,36.658901,
458,山东种业智科农业服务集团有限公司,中国,山东,济南,,,未找到坐标
459,山东齐盛水务发展有限公司,中国,山东,济南,117.220819,36.686890,
460,济南思明特科技有限公司,中国,山东,济南,117.277768,36.734804,
461,山东闻远通信技术有限公司,中国,山东,济南,,,未找到坐标
462,山东智捷电子商务有限公司,中国,山东,济南,117.031625,36.679825,
463,山东尚安智能科技有限公司,中国,山东,济南,,,未找到坐标
464,山东豸信认证服务有限公司,中国,山东,济南,117.223327,36.692860,
465,济南中科数控设备有限公司,中国,山东,济南,,,未找到坐标
466,山东山科智晶光电科技有限公司,中国,山东,济南,,,未找到坐标
467,山东博科快速检测技术有限公司,中国,山东,济南,,,未找到坐标
468,山东耀华玻璃有限公司,中国,山东,济南,117.303008,36.740644,
469,济南镭曼数控设备有限公司,中国,山东,济南,117.152211,36.777979,
470,山东云旗信息科技有限公司,中国,山东,济南,,,未找到坐标
471,山东上远环保科技有限公司,中国,山东,济南,,,未找到坐标
472,山东辰轩机器人科技有限公司,中国,山东,济南,,,未找到坐标
473,山东智邦建设工程检测有限公司,中国,山东,济南,,,未找到坐标
474,佰伦茨暖通科技（山东）有限责任公司,中国,山东,济南,117.225925,36.677275,
475,山东思科捷生物技术有限公司,中国,山东,济南,117.247391,36.660318,
476,山东微波电真空技术有限公司,中国,山东,济南,,,未找到坐标
477,山东通恒检测技术有限公司,中国,山东,济南,,,未找到坐标
478,山东涌达设备检测技术有限公司,中国,山东,济南,,,未找到坐标
479,济南天恒盛检测技术咨询服务有限公司,中国,山东,济南,,,未找到坐标
480,山东铂锐激光科技有限公司,中国,山东,济南,117.085056,36.682626,
481,济南火哨安全科技有限公司,中国,山东,济南,,,未找到坐标
482,山东鼎瑞泰沣实业有限公司,中国,山东,济南,116.788476,36.597772,
483,山东长青金属表面工程有限公司,中国,山东,济南,117.476464,36.593305,
484,山东明天机械集团股份有限公司,中国,山东,济南,117.620397,36.701825,
485,章丘市绿创农业科技有限公司,中国,山东,济南,,,未找到坐标
486,山东明风机械制造有限公司,中国,山东,济南,117.633655,36.694613,
487,济南润智机械制造有限公司,中国,山东,济南,117.384045,36.728366,
488,济南泰康锻造股份有限公司,中国,山东,济南,,,未找到坐标
489,济南圣泉倍进陶瓷过滤器有限公司,中国,山东,济南,,,未找到坐标
490,山东鹏程光伏材料有限公司,中国,山东,济南,117.572761,36.684546,
491,山东鑫永恒新材料有限公司,中国,山东,济南,,,未找到坐标
492,山东达洁过滤器有限公司,中国,山东,济南,,,未找到坐标
493,济南天马泰山石材有限公司,中国,山东,济南,117.494709,36.679717,
494,济南隆超石油机械锻造有限公司,中国,山东,济南,117.621985,36.702797,
495,山东神舟制冷设备有限公司,中国,山东,济南,,,未找到坐标
496,中材人工晶体研究院（山东）有限公司,中国,山东,济南,117.590436,36.683592,
497,济南吉隆锻造有限公司,中国,山东,济南,117.491283,36.642689,
498,山东聚鑫集团钢结构有限公司,中国,山东,济南,117.582063,36.690484,
499,山东南海气囊工程有限公司,中国,山东,济南,117.507585,36.685126,
500,山东中合果蔬食品有限公司,中国,山东,济南,117.398131,36.673729,
501,济南安地冶金机械设备有限公司,中国,山东,济南,117.579744,36.691457,
502,好为尔机械（山东）有限公司,中国,山东,济南,117.148330,36.991009,
503,济南冰思源制冷设备有限公司,中国,山东,济南,117.165201,36.951003,
504,济南奥普瑞思智能装备有限公司,中国,山东,济南,117.178284,36.938291,
505,山东汉方制药股份有限公司,中国,山东,济南,,,未找到坐标
506,济南泽业机床制造有限公司,中国,山东,济南,117.165736,36.978565,
507,济南深蓝动物保健品有限公司,中国,山东,济南,117.169481,36.983938,
508,山东正奇塑料机械有限公司,中国,山东,济南,117.707798,36.204318,
509,山东裕城生物技术有限公司,中国,山东,济南,,,未找到坐标
510,山东欣润同创环保科技有限公司,中国,山东,济南,117.554803,36.301245,
511,山东苗旺节水灌溉设备有限公司,中国,山东,济南,,,未找到坐标
512,山东朗进通信有限公司,中国,山东,济南,,,未找到坐标
513,山东天铭重工科技股份有限公司,中国,山东,济南,117.610825,36.285795,
514,山东盛博莱电力工程有限公司,中国,山东,济南,117.718725,36.200925,
515,山东青山铸造有限公司,中国,山东,济南,117.680666,36.557042,
516,山东舜博金属制品有限公司,中国,山东,济南,,,未找到坐标
517,山东恒威电力设备有限公司,中国,山东,济南,117.589928,36.295303,
518,山东希格斯新能源有限责任公司,中国,山东,济南,,,未找到坐标
519,朗屹环保科技（山东）有限公司,中国,山东,济南,,,未找到坐标
520,瑞希精工装备制造（山东）有限公司,中国,山东,济南,,,未找到坐标
521,山东茂盛管业有限公司,中国,山东,济南,117.629216,36.251983,
522,山东亿金传动有限公司,中国,山东,济南,117.797231,36.067286,
523,济南科汇新材料有限公司,中国,山东,济南,117.120128,36.652069,
524,山东九龙新材料有限公司,中国,山东,济南,117.831485,36.155753,
525,济南方圆制管有限公司,中国,山东,济南,117.798102,36.125232,
526,济南领秀激光设备有限公司,中国,山东,济南,116.490687,36.299082,
527,山东智鑫医疗科技有限公司,中国,山东,济南,,,未找到坐标
528,济南二机床集团（平阴）产业园有限公司,中国,山东,济南,116.413184,36.264448,
529,济南龙山炭素有限公司,中国,山东,济南,116.485615,36.193515,
530,山东新科特电气有限公司,中国,山东,济南,116.497603,36.287509,
531,山东东冠电气有限公司,中国,山东,济南,116.408155,36.292513,
532,山东建成建设机械有限公司,中国,山东,济南,,,未找到坐标
533,济南佳森包装设备有限公司,中国,山东,济南,117.120128,36.652069,
534,山东平阴丰源炭素有限责任公司,中国,山东,济南,116.477712,36.197430,
535,济南力宽机械配件有限公司,中国,山东,济南,116.432312,36.272247,
536,济南晨彩包装印刷有限公司,中国,山东,济南,116.426069,36.274788,
537,济南春生机械有限公司,中国,山东,济南,116.460572,36.239385,
538,山东万豪作物科学有限公司,中国,山东,济南,,,未找到坐标
539,济南天邦化工有限公司,中国,山东,济南,117.132173,37.151621,
540,山东汇格生物科技有限公司,中国,山东,济南,,,未找到坐标
541,济南汉葳电气有限公司,中国,山东,济南,117.132119,37.154289,
542,山东佳梆机械科技有限公司,中国,山东,济南,,,未找到坐标
543,山东诺扬检测技术有限公司,中国,山东,济南,,,未找到坐标
544,山东德洋计量检测有限公司,中国,山东,济南,,,未找到坐标
545,山东高速新材料科技有限公司,中国,山东,济南,117.109219,37.156760,
546,山东优派特造纸机械有限公司,中国,山东,济南,117.142223,37.156091,
547,山东齐鲁化纺有限公司,中国,山东,济南,,,未找到坐标
548,济南华庆农业机械科技有限公司,中国,山东,济南,117.101772,37.190521,
549,山东东展建筑科技有限公司,中国,山东,济南,117.148585,37.361705,
550,山东泽业机床制造有限公司,中国,山东,济南,117.066365,37.407946,
551,山东华盟机械制造有限公司,中国,山东,济南,117.264425,37.295325,
552,龙雕智能装备（山东）有限公司,中国,山东,济南,,,未找到坐标
553,齐鲁宏业纺织集团有限公司,中国,山东,济南,,,未找到坐标
554,中建八局建筑科技（山东）有限公司,中国,山东,济南,117.096805,37.198530,
555,创意银航（山东）技术有限公司,中国,山东,济南,117.228380,36.695541,
556,山东新北方电气设备有限公司,中国,山东,济南,,,未找到坐标
557,山东润禧生物科技有限公司,中国,山东,济南,,,未找到坐标
558,济南易考软件技术有限公司,中国,山东,济南,,,未找到坐标
559,济南极源生物科技有限公司,中国,山东,济南,,,未找到坐标
560,知岐健康产业（山东）集团有限公司,中国,山东,济南,117.322485,36.703695,
561,山东鲁新设计工程股份有限公司,中国,山东,济南,117.139001,36.675087,
562,山东博纳生物科技集团有限公司,中国,山东,济南,117.230047,36.693898,
563,济南环陶环保工程有限公司,中国,山东,济南,,,未找到坐标
564,山东正云信息科技有限公司,中国,山东,济南,,,未找到坐标
565,山东仁智信息工程有限公司,中国,山东,济南,,,未找到坐标
566,济南爱维互联网有限公司,中国,山东,济南,117.120128,36.652069,
567,山东华邮科教信息技术有限公司,中国,山东,济南,,,未找到坐标
568,宜明（济南）生物科技有限公司,中国,山东,济南,,,未找到坐标
569,山东科捷工程检测有限公司,中国,山东,济南,117.272480,36.652805,
570,山东和兑智能科技有限公司,中国,山东,济南,,,未找到坐标
571,山东天酵源生物科技有限公司,中国,山东,济南,,,未找到坐标
572,山东镭研激光科技有限公司,中国,山东,济南,,,未找到坐标
573,山东电工时代能源科技有限公司,中国,山东,济南,116.968898,36.687055,
574,山东青橙数字科技有限公司,中国,山东,济南,,,未找到坐标
575,中科正源（山东）光电科技有限公司,中国,山东,济南,,,未找到坐标
576,山东华天电气有限公司,中国,山东,济南,117.127026,36.680540,
577,山东太平洋环保股份有限公司,中国,山东,济南,117.098844,36.676315,
578,济南昊远智能科技有限公司,中国,山东,济南,,,未找到坐标
579,山东领创信息科技有限公司,中国,山东,济南,,,未找到坐标
580,山东微笑数据科技有限公司,中国,山东,济南,117.133019,36.674301,
581,山东金璋隆祥智能科技有限责任公司,中国,山东,济南,,,未找到坐标
582,山东首瀚信息科技有限公司,中国,山东,济南,,,未找到坐标
583,山东宜美科节能服务有限责任公司,中国,山东,济南,117.099643,36.658469,
584,山东普尼奥水处理科技有限公司,中国,山东,济南,116.896807,36.678897,
585,国网智能科技股份有限公司,中国,山东,济南,117.128768,36.672899,
586,济南高品伟业信息科技有限公司,中国,山东,济南,,,未找到坐标
587,山东新松工业软件研究院股份有限公司,中国,山东,济南,,,未找到坐标
588,山东达冠医药科技有限公司,中国,山东,济南,117.322757,36.705295,
589,山东尚健医疗科技有限公司,中国,山东,济南,,,未找到坐标
590,济南爱新卓尔医学检验有限公司,中国,山东,济南,,,未找到坐标
591,济南普华春天应用软件有限公司,中国,山东,济南,,,未找到坐标
592,济南科明数码技术股份有限公司,中国,山东,济南,117.141172,36.664307,
593,山东鲁明新材料有限公司,中国,山东,济南,117.205495,36.793969,
594,山东天泰环境科技有限公司,中国,山东,济南,117.125278,36.679196,
595,山东产研金融科技研究院有限公司,中国,山东,济南,,,未找到坐标
596,济南凯晨生物科技有限公司,中国,山东,济南,,,未找到坐标
597,山东标准检测技术有限公司,中国,山东,济南,117.341265,36.686012,
598,中科骊久（济南）机器人有限公司,中国,山东,济南,,,未找到坐标
599,山东奥淼科技发展有限公司,中国,山东,济南,,,未找到坐标
600,山东比沃斯机电工程有限公司,中国,山东,济南,117.136133,36.667164,
601,山东君合市政建设集团有限公司,中国,山东,济南,117.222112,36.653540,
602,山东华智人才科技有限公司,中国,山东,济南,,,未找到坐标
603,山东华泰保尔水务农业装备工程有限公司,中国,山东,济南,117.282369,36.691934,
604,山东鼎夏智能科技有限公司,中国,山东,济南,117.148629,36.661223,
605,山东天铭医药科技有限公司,中国,山东,济南,,,未找到坐标
606,山东巨微智能技术有限公司,中国,山东,济南,117.125319,36.676991,
607,济南三鼎电气有限责任公司,中国,山东,济南,117.132684,36.666915,
608,山东百灵互联网医疗健康有限公司,中国,山东,济南,,,未找到坐标
609,凯丰智慧（山东省）市政工程有限公司,中国,山东,济南,,,未找到坐标
610,山东省资源环境建设集团有限公司,中国,山东,济南,117.144323,36.662874,
611,山东华城工程技术有限公司,中国,山东,济南,,,未找到坐标
612,山东平伟医疗技术有限公司,中国,山东,济南,,,未找到坐标
613,山东星乾信息科技有限公司,中国,山东,济南,,,未找到坐标
614,山东建研检测检验科技有限公司,中国,山东,济南,117.284779,36.701956,
615,山东旷为信息科技有限公司,中国,山东,济南,,,未找到坐标
616,山东华商亿源制冷空调工程有限公司,中国,山东,济南,,,未找到坐标
617,山东百舜信息技术有限公司,中国,山东,济南,,,未找到坐标
618,山东博通节能科技有限公司,中国,山东,济南,,,未找到坐标
619,泉脉农业科技有限公司,中国,山东,济南,116.807305,36.507504,
620,山东汇创信息技术有限公司,中国,山东,济南,,,未找到坐标
621,山东顺能网络科技有限公司,中国,山东,济南,,,未找到坐标
622,济南东和信息技术有限公司,中国,山东,济南,,,未找到坐标
623,山东泓科信息技术有限公司,中国,山东,济南,117.127679,36.674153,
624,济南创泽生物医药科技有限公司,中国,山东,济南,,,未找到坐标
625,山东瑶安电子科技发展有限公司,中国,山东,济南,117.152681,36.660583,
626,济南沃隆软件技术有限公司,中国,山东,济南,,,未找到坐标
627,山东文保文物修复技术有限公司,中国,山东,济南,117.222338,36.657031,
628,济南德尔姆仪器有限公司,中国,山东,济南,117.300782,36.702219,
629,山东丞辉信息科技发展有限公司,中国,山东,济南,,,未找到坐标
630,山东友大软件科技有限公司,中国,山东,济南,,,未找到坐标
631,山东经纬信息集团有限公司,中国,山东,济南,,,未找到坐标
632,山东军地信息技术集团有限公司,中国,山东,济南,,,未找到坐标
633,赛克赛斯生物科技股份有限公司,中国,山东,济南,117.140503,36.683940,
634,迈德（山东）科技股份有限公司,中国,山东,济南,,,未找到坐标
635,山东天泰啤酒设备有限公司,中国,山东,济南,,,未找到坐标
636,山东路科公路信息咨询有限公司,中国,山东,济南,,,未找到坐标
637,山东水发生命科学研究有限公司,中国,山东,济南,117.326650,36.703689,
638,山东浪潮科学研究院有限公司,中国,山东,济南,117.130009,36.663726,
639,山东耀智信息科技有限公司,中国,山东,济南,,,未找到坐标
640,山东小鸭冷链有限公司,中国,山东,济南,,,未找到坐标
641,山东煜德电子技术有限公司,中国,山东,济南,117.129020,36.673805,
642,山东万腾智能科技有限公司,中国,山东,济南,,,未找到坐标
643,山东智慧照明科技有限公司,中国,山东,济南,,,未找到坐标
644,济南祥控自动化设备有限公司,中国,山东,济南,,,未找到坐标
645,济南行者网络科技有限公司,中国,山东,济南,,,未找到坐标
646,山东圣瑞信息技术有限公司,中国,山东,济南,,,未找到坐标
647,山东万腾数字科技有限公司,中国,山东,济南,,,未找到坐标
648,山东科讯生物芯片技术有限公司,中国,山东,济南,,,未找到坐标
649,山东朝启电子科技有限公司,中国,山东,济南,117.225771,36.677535,
650,山东舒尔智能工程有限公司,中国,山东,济南,,,未找到坐标
651,山东东林环境科技有限公司,中国,山东,济南,,,未找到坐标
652,云科（山东）电子科技有限公司,中国,山东,济南,117.031625,36.679825,
653,山东中测校准质控技术有限公司,中国,山东,济南,117.214981,36.651763,
654,瀚高基础软件股份有限公司,中国,山东,济南,117.142342,36.665541,
655,山东客套智能科技有限公司,中国,山东,济南,,,未找到坐标
656,山东鑫雅特艺纸制品有限公司,中国,山东,济南,117.245110,36.885864,
657,山东国耀量子雷达科技有限公司,中国,山东,济南,,,未找到坐标
658,山东深蓝智谱数字科技有限公司,中国,山东,济南,117.133409,36.668795,
659,山东浪潮智慧能源科技有限公司,中国,山东,济南,117.126824,36.664448,
660,山东中鸿特检生物科技有限公司,中国,山东,济南,,,未找到坐标
661,济南光机医疗设备有限公司,中国,山东,济南,117.120128,36.652069,
662,山东金码信息技术有限公司,中国,山东,济南,,,未找到坐标
663,山东同智信息科技有限公司,中国,山东,济南,,,未找到坐标
664,山东旭研信息科技有限公司,中国,山东,济南,,,未找到坐标
665,山东壹酒叮咚电子技术有限公司,中国,山东,济南,117.031625,36.679825,
666,济南金港热处理有限公司,中国,山东,济南,117.200385,36.791104,
667,山东恒道信息技术有限公司,中国,山东,济南,117.002488,36.662317,
668,山东网聪信息科技有限公司,中国,山东,济南,117.136658,36.677413,
669,山东新睿信息科技有限公司,中国,山东,济南,,,未找到坐标
670,山东乐普韦尔自动化技术有限公司,中国,山东,济南,117.132209,36.673764,
671,山东电工配网科技发展有限公司,中国,山东,济南,,,未找到坐标
672,山东和信智能科技有限公司,中国,山东,济南,,,未找到坐标
673,山东八宇网络科技有限公司,中国,山东,济南,,,未找到坐标
674,华杰恒信（山东）电子科技有限公司,中国,山东,济南,117.031625,36.679825,
675,山东大丁木丰科技信息有限公司,中国,山东,济南,,,未找到坐标
676,山东小鸭新能源科技有限公司,中国,山东,济南,,,未找到坐标
677,山东锋士信息技术有限公司,中国,山东,济南,,,未找到坐标
678,济南鑫捷瑞电气有限公司,中国,山东,济南,117.213117,36.817707,
679,山东小鸭精工机械有限公司,中国,山东,济南,117.138916,36.691796,
680,山东人才信总科技有限公司,中国,山东,济南,,,未找到坐标
681,山东科华电力技术有限公司,中国,山东,济南,,,未找到坐标
682,山东志伟智能制造集团有限公司,中国,山东,济南,,,未找到坐标
683,易通金服支付有限公司,中国,山东,济南,117.140395,36.679090,
684,济南固丰建材科技有限公司,中国,山东,济南,,,未找到坐标
685,山东华健信息科技有限公司,中国,山东,济南,,,未找到坐标
686,山东水发鲁润水务科技有限公司,中国,山东,济南,117.014922,36.687640,
687,山东融谷信息科技有限公司,中国,山东,济南,,,未找到坐标
688,山东久辉信息科技有限公司,中国,山东,济南,,,未找到坐标
689,山东泽众电子科技有限公司,中国,山东,济南,117.031625,36.679825,
690,山东邦维信息科技有限公司,中国,山东,济南,,,未找到坐标
691,山东纳恩信息科技有限公司,中国,山东,济南,,,未找到坐标
692,济南百博生物技术股份有限公司,中国,山东,济南,,,未找到坐标
693,山东电工电气集团智能电气有限公司,中国,山东,济南,,,未找到坐标
694,山东舜辉装饰工程有限公司,中国,山东,济南,,,未找到坐标
695,山东龙羲含章科技发展有限公司,中国,山东,济南,,,未找到坐标
696,山东国稳电气有限公司,中国,山东,济南,,,未找到坐标
697,山东中翰软件有限公司,中国,山东,济南,,,未找到坐标
698,济南唯智光电科技有限公司,中国,山东,济南,117.261116,36.718417,
699,济南格林信息科技有限公司,中国,山东,济南,117.117235,36.680933,
700,金诃藏药(山东)健康产业有限公司,中国,山东,济南,117.341825,36.693637,
701,山东飞博赛斯光电科技有限公司,中国,山东,济南,117.134275,36.678075,
702,济南超然信息科技有限公司,中国,山东,济南,,,未找到坐标
703,山东华云三维科技有限公司,中国,山东,济南,117.149935,36.664751,
704,山东汇达新型建筑材料有限公司,中国,山东,济南,117.010663,36.875622,
705,济南赛诺富隆新材料有限公司,中国,山东,济南,116.997961,36.888347,
706,中道华泰建设集团有限公司,中国,山东,济南,117.222112,36.653540,